키워드,제목,본문
강남 맛집,강남 맛집 : 네이버 검색,"메뉴 영역으로 바로가기
본문 영역으로 바로가기
NAVER
검색
한글 입력기
자동완성 레이어
사용자 링크
로그인
서비스 더보기
블로그
카페
이미지
클립
지식iN
인플루언서
동영상
쇼핑
뉴스
숏텐츠
어학사전
지도
도서
지식백과
학술정보
다음
더보기
공유
강남 맛집 검색 결과
플레이스플레이스 검색결과 안내
플레이스 플러스
안내
내 업체 등록
신규장소 등록
서울특별시 강남구
전체필터
영업중
포장주문
포장 주문으로 대기 없이 편하게!
실시간예약
쿠폰
로딩중
고깃집
이탈리안레스토랑
주차
단체석
특별한메뉴
신선한
인테리어
넓은
혼밥
대화
회식
데이트
분위기좋은
사진맛집
새로오픈
이전
다음
자연산 해담일식 대게마을
예약
쿠폰
일식당
룸100%고급일식대게전문발렛가
광고
영업 중
별점
4.75리뷰 1,675
저장
더보기
화이트데이를 맞아 남자친구와 함께 미리 예약해 둔 2인 해산물 사시미 오마카세 점심을 다녀왔습니다.
요즘 초밥 코스 찾아다니는 게 취미가 됐는데, 일식런치 초밥코스 해담특은 진짜 수준"
홍대 맛집,홍대 맛집 : 네이버 검색,"메뉴 영역으로 바로가기
본문 영역으로 바로가기
NAVER
검색
한글 입력기
자동완성 레이어
사용자 링크
로그인
서비스 더보기
블로그
카페
이미지
클립
지식iN
인플루언서
동영상
쇼핑
뉴스
숏텐츠
어학사전
지도
도서
지식백과
학술정보
다음
더보기
공유
홍대 맛집 검색 결과
플레이스플레이스 검색결과 안내
플레이스 플러스
안내
내 업체 등록
신규장소 등록
전체필터
영업중
포장주문
포장 주문하면 기다리지 않고 바로 픽업!
실시간예약
쿠폰
히노토리
이자카야
도마 홍대본점
육류,고기요리
피지피지
이탈리아음식
육산장 홍대본점
육류,고기요리
만월다방 시네마
카페,디저트
훠궈먹고 홍대점
중식당
봉마루집 합정점
한식
화산숯불구이
육류,고기요리
300m
© NAVER Corp.
지도보기
지도 확대
지도 축소
떡볶이
피자
주차
단체석
특별한메뉴
인테리어
신선한
대화
데이트
넓은
혼밥
회식
분위기좋은
사진맛집
새로오픈
이전
다음
히노토리
예약
이자카야
야키토리히노토리
광고
영업 중리뷰 488다양한 꼬치 메"
명동 맛집,명동 맛집 : 네이버 검색,"메뉴 영역으로 바로가기
본문 영역으로 바로가기
NAVER
검색
한글 입력기
자동완성 레이어
사용자 링크
로그인
서비스 더보기
블로그
카페
이미지
클립
지식iN
인플루언서
동영상
쇼핑
뉴스
숏텐츠
어학사전
지도
도서
지식백과
학술정보
다음
더보기
공유
명동 맛집 검색 결과
플레이스플레이스 검색결과 안내
플레이스 플러스
안내
내 업체 등록
신규장소 등록
서울특별시 중구 명동
명동 맛집
업체명 검색하기
전체필터
영업중
포장주문
줄 서지 않는 포장 주문하세요.
실시간예약
쿠폰
효담칼국수 닭한마리 명동본점
한식
군자대한곱창 명동점
곱창,막창,양
윤슬 숯불구이 명동점
육류,고기요리
목멱산방 남산타워점
한식
세븐티포 명동성당본점
양식
훠궈먹고 명동점
중식당
남산산채집
별점
4.25
돈가스
서관면옥 신세계백화점 본점
냉면
500m
© NAVER Corp.
지도보기
지도 확대
지도 축소
닭갈비
주차
단체석
특별한메뉴
신선한
인테리어
넓은
혼밥
회식
데이트
대화
뷰맛집
분위기좋은
새로오픈
이전
다음
"
